SKU,ACCESORIOS
Y41C00040,FOAM120EG
Y41C40BL0,FOAM120EG
Y41C00070,FOAM120EG
Y41C00080,FOAM120EG
Y41F370BL,FOAM120EG
Y41CX4000,FOAM120EG;AE3000000
Y41APX700II,FOAM120EG;AE3000000
Y41SLG10N,FOAM120EG;GC6000000
Y46PACOBL,FOAM120EG;GC6000000
Y46PA11RM,FOAM120EG;GC6000000
YTRBX174R,FOAM120EG;12B201000
YTRBX304B,FOAM120EG;12B201000
Y45BB4240,FOAM120EG;12B201000;Y42YT1000
17150F060,
FOAM120EG,
AE3000000,
GC6000000,
G100R0000,
12B158000,
12B201000,
YHPHM8BLU,
YHPHPRO3N,
190F50000,199A302BK
190OM3000,199A302BK
190OM5000,199A302BK
SP1000QL0,
Y61P25000,
Y61P5000S,
Y66HS5MON,
Y66HS7MON,
Y66HS8MON,
Y66DXR120,
YDXR15000,
YSTAGEP50,
LCSW15190,
PT900FM00,
Y65LS9320,
199A302BK,190F50000
STCI1USB0,
SUR44USB0,
16P1047BL,
JBP1212A0,16P5A0000;16P5AN000
YSCBDB000,16P5A0000;16P5AN000
LNTAWS,16P5A0000;16P5AN000
YADTX400K,YHPHPRO3N
YADTX450K,YHPHPRO3N
YAMDTXM12,
16PBS1413,
16PD105BN,
16P5A0000,
16P5AN000,
YP105BA00,199BESKSE
Y96000CP4,199BESKSE
Y81PSRF5P,199BESKSE
Y81PSRE24A,199BESKSE
Y81PSE34A,199BESKSE
Y81PSE44P,199BESKSE
09DGX230A,199BESKSE
Y20YDP142R,
Y20CLP535R,
Y20CLP545R,
Y50JU1090,
Y50JX113T,
Y51U1JPE0,
Y51GB1KPE,
YMX49E000,
YMX61E000,Y80FC0500;199BESKSE
Y96MOTXF6,Y80FC0500;199BESKSE
Y96MOTXF7,Y80FC0500;199BESKSE
Y96MOTXF8,Y80FC0500;199BESKSE
Y80FC0500,
Y80FC0400,
Y16YRS230,
Y16YRS2GA,
Y16YRS2GR,
Y16YRS20G,
22TSFL316,
Y11YFL221,
Y11YFL211,
Y13YT2330,
22TSAT870,
22TSAS660,
Y10YAS260,
Y10YAS620,
Y10YTS230,
Y12YCL255,
Y11YPC320,
22TSCL613,
Y14YS354E,
22TSTR802,
199BESKSE,
199T20BK0,
191NXAMP4,
SP1000QL0,
11DRS12BL,
191LS1180,
,
39DIRECT0,
Y42YT1000,
0300SAC39,
199A302BK,190F50000
